id;date;description;amount
1;2019-10-09T08:26:10;National Awesome sky blue;4522
2;2019-10-08T23:43:03;navigating;74732
3;2019-10-09T16:16:23;generating compelling;28093
4;2019-10-09T08:13:00;bifurcated scalable;16526
5;2019-10-09T20:59:46;Administrator;77224
6;2019-10-09T13:18:30;24 hour;1407
7;2019-10-09T03:12:52;monitor;72900
8;2019-10-09T03:49:17;Checking Account Identity deposit;91495
9;2019-10-09T02:04:16;Investment Account archive Fantastic Plastic Chicken;32518
10;2019-10-09T06:48:12;New York tangible Mississippi;38292
