id;date;description;amount
1;2019-10-09T07:25:12;National Awesome sky blue;4522
2;2019-10-08T22:42:05;navigating;74732
3;2019-10-09T15:15:25;generating compelling;28093
4;2019-10-09T07:12:02;bifurcated scalable;16526
5;2019-10-09T19:58:49;Administrator;77224
6;2019-10-09T12:17:32;24 hour;1407
7;2019-10-09T02:11:55;monitor;72900
8;2019-10-09T02:48:19;Checking Account Identity deposit;91495
9;2019-10-09T01:03:18;Investment Account archive Fantastic Plastic Chicken;32518
10;2019-10-09T05:47:15;New York tangible Mississippi;38292
