id;date;description;amount
1;2019-10-09T08:17:55;National Awesome sky blue;4522
2;2019-10-08T23:34:49;navigating;74732
3;2019-10-09T16:08:09;generating compelling;28093
4;2019-10-09T08:04:46;bifurcated scalable;16526
5;2019-10-09T20:51:32;Administrator;77224
6;2019-10-09T13:10:16;24 hour;1407
7;2019-10-09T03:04:38;monitor;72900
8;2019-10-09T03:41:03;Checking Account Identity deposit;91495
9;2019-10-09T01:56:02;Investment Account archive Fantastic Plastic Chicken;32518
10;2019-10-09T06:39:58;New York tangible Mississippi;38292
