id;date;description;amount
1;2019-10-09T12:22:38;National Awesome sky blue;4522
2;2019-10-09T03:39:31;navigating;74732
3;2019-10-09T20:12:51;generating compelling;28093
4;2019-10-09T12:09:29;bifurcated scalable;16526
5;2019-10-10T00:56:15;Administrator;77224
6;2019-10-09T17:14:58;24 hour;1407
7;2019-10-09T07:09:21;monitor;72900
8;2019-10-09T07:45:45;Checking Account Identity deposit;91495
9;2019-10-09T06:00:44;Investment Account archive Fantastic Plastic Chicken;32518
10;2019-10-09T10:44:41;New York tangible Mississippi;38292
