id;date;description;amount
1;2019-10-09T13:37:56;National Awesome sky blue;4522
2;2019-10-09T04:54:49;navigating;74732
3;2019-10-09T21:28:09;generating compelling;28093
4;2019-10-09T13:24:46;bifurcated scalable;16526
5;2019-10-10T02:11:32;Administrator;77224
6;2019-10-09T18:30:16;24 hour;1407
7;2019-10-09T08:24:38;monitor;72900
8;2019-10-09T09:01:03;Checking Account Identity deposit;91495
9;2019-10-09T07:16:02;Investment Account archive Fantastic Plastic Chicken;32518
10;2019-10-09T11:59:58;New York tangible Mississippi;38292
