id;date;description;amount
1;2019-10-09T04:05:19;National Awesome sky blue;4522
2;2019-10-08T19:22:13;navigating;74732
3;2019-10-09T11:55:33;generating compelling;28093
4;2019-10-09T03:52:10;bifurcated scalable;16526
5;2019-10-09T16:38:56;Administrator;77224
6;2019-10-09T08:57:40;24 hour;1407
7;2019-10-08T22:52:02;monitor;72900
8;2019-10-08T23:28:27;Checking Account Identity deposit;91495
9;2019-10-08T21:43:26;Investment Account archive Fantastic Plastic Chicken;32518
10;2019-10-09T02:27:22;New York tangible Mississippi;38292
