id;date;description;amount
1;2019-10-09T04:01:56;National Awesome sky blue;4522
2;2019-10-08T19:18:49;navigating;74732
3;2019-10-09T11:52:09;generating compelling;28093
4;2019-10-09T03:48:47;bifurcated scalable;16526
5;2019-10-09T16:35:33;Administrator;77224
6;2019-10-09T08:54:16;24 hour;1407
7;2019-10-08T22:48:39;monitor;72900
8;2019-10-08T23:25:03;Checking Account Identity deposit;91495
9;2019-10-08T21:40:02;Investment Account archive Fantastic Plastic Chicken;32518
10;2019-10-09T02:23:59;New York tangible Mississippi;38292
