id;date;description;amount
1;2019-10-09T07:59:52;National Awesome sky blue;4522
2;2019-10-08T23:16:46;navigating;74732
3;2019-10-09T15:50:06;generating compelling;28093
4;2019-10-09T07:46:43;bifurcated scalable;16526
5;2019-10-09T20:33:29;Administrator;77224
6;2019-10-09T12:52:13;24 hour;1407
7;2019-10-09T02:46:35;monitor;72900
8;2019-10-09T03:23:00;Checking Account Identity deposit;91495
9;2019-10-09T01:37:59;Investment Account archive Fantastic Plastic Chicken;32518
10;2019-10-09T06:21:55;New York tangible Mississippi;38292
