id;date;description;amount
1;2019-10-09T08:19:20;National Awesome sky blue;4522
2;2019-10-08T23:36:14;navigating;74732
3;2019-10-09T16:09:34;generating compelling;28093
4;2019-10-09T08:06:11;bifurcated scalable;16526
5;2019-10-09T20:52:57;Administrator;77224
6;2019-10-09T13:11:41;24 hour;1407
7;2019-10-09T03:06:03;monitor;72900
8;2019-10-09T03:42:28;Checking Account Identity deposit;91495
9;2019-10-09T01:57:27;Investment Account archive Fantastic Plastic Chicken;32518
10;2019-10-09T06:41:23;New York tangible Mississippi;38292
