id;date;description;amount
1;2019-10-09T08:34:38;National Awesome sky blue;4522
2;2019-10-08T23:51:31;navigating;74732
3;2019-10-09T16:24:51;generating compelling;28093
4;2019-10-09T08:21:29;bifurcated scalable;16526
5;2019-10-09T21:08:15;Administrator;77224
6;2019-10-09T13:26:58;24 hour;1407
7;2019-10-09T03:21:21;monitor;72900
8;2019-10-09T03:57:45;Checking Account Identity deposit;91495
9;2019-10-09T02:12:44;Investment Account archive Fantastic Plastic Chicken;32518
10;2019-10-09T06:56:41;New York tangible Mississippi;38292
