id;date;description;amount
1;2019-10-09T03:59:19;National Awesome sky blue;4522
2;2019-10-08T19:16:13;navigating;74732
3;2019-10-09T11:49:33;generating compelling;28093
4;2019-10-09T03:46:10;bifurcated scalable;16526
5;2019-10-09T16:32:56;Administrator;77224
6;2019-10-09T08:51:40;24 hour;1407
7;2019-10-08T22:46:02;monitor;72900
8;2019-10-08T23:22:27;Checking Account Identity deposit;91495
9;2019-10-08T21:37:26;Investment Account archive Fantastic Plastic Chicken;32518
10;2019-10-09T02:21:22;New York tangible Mississippi;38292
