id;date;description;amount
1;2019-10-09T05:14:17;National Awesome sky blue;4522
2;2019-10-08T20:31:10;navigating;74732
3;2019-10-09T13:04:30;generating compelling;28093
4;2019-10-09T05:01:08;bifurcated scalable;16526
5;2019-10-09T17:47:54;Administrator;77224
6;2019-10-09T10:06:37;24 hour;1407
7;2019-10-09T00:01:00;monitor;72900
8;2019-10-09T00:37:24;Checking Account Identity deposit;91495
9;2019-10-08T22:52:23;Investment Account archive Fantastic Plastic Chicken;32518
10;2019-10-09T03:36:20;New York tangible Mississippi;38292
