id;date;description;amount
1;2019-10-09T07:31:14;National Awesome sky blue;4522
2;2019-10-08T22:48:07;navigating;74732
3;2019-10-09T15:21:27;generating compelling;28093
4;2019-10-09T07:18:04;bifurcated scalable;16526
5;2019-10-09T20:04:50;Administrator;77224
6;2019-10-09T12:23:34;24 hour;1407
7;2019-10-09T02:17:56;monitor;72900
8;2019-10-09T02:54:21;Checking Account Identity deposit;91495
9;2019-10-09T01:09:20;Investment Account archive Fantastic Plastic Chicken;32518
10;2019-10-09T05:53:17;New York tangible Mississippi;38292
