id;date;description;amount
1;2019-10-09T08:07:30;National Awesome sky blue;4522
2;2019-10-08T23:24:23;navigating;74732
3;2019-10-09T15:57:43;generating compelling;28093
4;2019-10-09T07:54:20;bifurcated scalable;16526
5;2019-10-09T20:41:06;Administrator;77224
6;2019-10-09T12:59:50;24 hour;1407
7;2019-10-09T02:54:13;monitor;72900
8;2019-10-09T03:30:37;Checking Account Identity deposit;91495
9;2019-10-09T01:45:36;Investment Account archive Fantastic Plastic Chicken;32518
10;2019-10-09T06:29:33;New York tangible Mississippi;38292
