id;date;description;amount
1;2019-10-09T03:37:56;National Awesome sky blue;4522
2;2019-10-08T18:54:49;navigating;74732
3;2019-10-09T11:28:09;generating compelling;28093
4;2019-10-09T03:24:47;bifurcated scalable;16526
5;2019-10-09T16:11:33;Administrator;77224
6;2019-10-09T08:30:16;24 hour;1407
7;2019-10-08T22:24:39;monitor;72900
8;2019-10-08T23:01:03;Checking Account Identity deposit;91495
9;2019-10-08T21:16:02;Investment Account archive Fantastic Plastic Chicken;32518
10;2019-10-09T01:59:59;New York tangible Mississippi;38292
