id;date;description;amount
1;2019-10-09T08:18:20;National Awesome sky blue;4522
2;2019-10-08T23:35:13;navigating;74732
3;2019-10-09T16:08:33;generating compelling;28093
4;2019-10-09T08:05:10;bifurcated scalable;16526
5;2019-10-09T20:51:56;Administrator;77224
6;2019-10-09T13:10:40;24 hour;1407
7;2019-10-09T03:05:03;monitor;72900
8;2019-10-09T03:41:27;Checking Account Identity deposit;91495
9;2019-10-09T01:56:26;Investment Account archive Fantastic Plastic Chicken;32518
10;2019-10-09T06:40:23;New York tangible Mississippi;38292
