id;date;description;amount
1;2019-10-09T12:24:49;National Awesome sky blue;4522
2;2019-10-09T03:41:42;navigating;74732
3;2019-10-09T20:15:02;generating compelling;28093
4;2019-10-09T12:11:39;bifurcated scalable;16526
5;2019-10-10T00:58:26;Administrator;77224
6;2019-10-09T17:17:09;24 hour;1407
7;2019-10-09T07:11:32;monitor;72900
8;2019-10-09T07:47:56;Checking Account Identity deposit;91495
9;2019-10-09T06:02:55;Investment Account archive Fantastic Plastic Chicken;32518
10;2019-10-09T10:46:52;New York tangible Mississippi;38292
